ID,first_name,last_name,age
1,Kimberly,Walker,35
2,Dawn,Medina,67
3,Caitlin,Humphrey,34
4,Dylan,Perez,78
5,Christina,Sosa,31
6,Kevin,Hamilton,44
7,Dawn,Dickerson,66
8,Henry,Wright,62
9,Tiffany,Moore,65
10,Christopher,Wilson,48
11,Lawrence,Conley,56
12,Felicia,Davis,20
13,Dawn,Banks,41
14,Robert,Bailey,50
15,Peter,Hardy,77
16,William,Burton,51
17,Ann,Watts,64
18,Kenneth,Clark,74
19,John,Young,27
20,Danielle,Gray,49
21,Martin,Crawford,29
22,Johnny,Bell,58
23,Kimberly,Hernandez,56
24,Eric,Ellis,29
25,Joan,Johnson,39
26,Jaime,Huffman,46
27,James,Long,54
28,Joseph,Day,27
29,Kevin,Melendez,49
30,Sandra,Wilson,75
31,Sean,Weiss,51
32,Emily,Murillo,61
33,Edward,Ramsey,71
34,Kristin,Jones,60
35,Erin,White,46
36,Erica,Taylor,57
37,Colleen,Hudson,45
38,Edwin,Shelton,49
39,Annette,Barnes,46
40,Sandra,Reynolds,58
41,Robert,Jordan,44
42,Jean,Contreras,62
43,Stacey,Allen,23
44,Lindsey,Schmitt,20
45,Louis,Baker,73
46,Ryan,Wagner,23
47,Morgan,Morris,76
48,John,Nunez,70
49,Robert,Montoya,80
50,Ryan,Hayes,29
